{
    "sensitivity": 1.0,
    "max_history": 100,
    "update_interval": 100,
    "audio_feedback": true,
    "visualization_mode": "Line Graph",
    "calibration": {
        "min": 20.751223201077423,
        "max": 40.570277206999855,
        "noise_floor": 12.943559090789758
    }
}